State,Month,Rainfall (mm),Temperature (�C),Humidity (%),Wind Speed (km/h),River Flow (m�/s),Soil Moisture (%),Predicted Water Level (m)
Andhra Pradesh,January,85,28,75,12,1500,32,10
Arunachal Pradesh,February,110,26,78,10,1800,35,12
Assam,March,95,29,80,14,1600,30,11.2
Bihar,April,105,32,77,13,1700,28,11.5
Chhattisgarh,May,115,33,76,16,1750,34,12.3
Goa,June,130,30,82,14,1900,36,13.5
Gujarat,July,145,34,75,18,2000,33,14.8
Haryana,August,120,31,79,12,1600,30,11
Himachal Pradesh,September,135,27,85,10,1800,38,13.2
Jharkhand,October,125,29,81,13,1700,32,12
Karnataka,November,90,28,74,14,1400,29,10.3
Kerala,December,100,30,78,16,1500,31,11.2
Madhya Pradesh,January,115,32,80,17,1650,34,12.5
Maharashtra,February,130,31,76,15,1700,36,13.8
Manipur,March,140,26,85,10,1900,39,14.5
Meghalaya,April,150,25,88,9,2000,42,15
Mizoram,May,135,28,83,11,1850,37,13.7
Nagaland,June,120,29,81,13,1700,34,12.5
Odisha,July,105,32,80,14,1600,30,11.5
Punjab,August,115,30,82,12,1700,32,12.3
Rajasthan,September,130,35,74,20,1800,31,13.8
Sikkim,October,145,26,87,10,1900,39,15
Tamil Nadu,November,125,29,80,13,1700,35,12.5
Telangana,December,110,28,82,15,1600,32,11.5
Tripura,January,140,25,85,11,1900,38,14.5
Uttar Pradesh,February,125,32,79,17,1650,34,13
Uttarakhand,March,150,26,87,10,2000,42,15.5
West Bengal,April,135,28,82,13,1850,37,14.2
Chandigarh,May,110,32,81,16,1600,31,12
Delhi,June,95,33,78,14,1400,28,10.5
Puducherry,July,105,29,80,15,1500,30,11.3
Ladakh,August,120,27,76,12,1600,32,12.2
Lakshadweep,September,130,28,80,14,1700,34,13
Andaman & Nicobar,October,140,26,85,11,1800,38,14.5
Dadra & Nagar Haveli,November,105,30,82,13,1500,30,11.3
Daman & Diu,December,115,31,80,15,1600,32,12
Jharkhand,January,95,29,78,14,1400,28,10.5
Maharashtra,February,110,32,81,16,1600,31,12
Rajasthan,March,125,34,77,19,1750,33,13.5
Sikkim,April,140,27,85,11,1900,38,14.5
Tamil Nadu,May,130,29,82,14,1750,34,13.7
Telangana,June,120,30,81,12,1700,32,13
Tripura,July,135,26,86,10,1850,37,14.2
Uttar Pradesh,August,145,32,80,15,2000,40,15
Uttarakhand,September,105,28,78,13,1500,30,11.5
West Bengal,October,115,31,80,14,1600,32,12.2
Chandigarh,November,125,33,79,17,1750,35,13.5
Delhi,December,140,29,83,12,1900,38,14.7
Andhra Pradesh,January,90,28,78,12,1550,33,10.5
Arunachal Pradesh,February,115,26,80,10,1850,36,12.3
Assam,March,100,29,82,14,1650,31,11.4
Bihar,April,110,32,79,13,1750,29,11.7
Chhattisgarh,May,120,33,78,16,1800,35,12.5
Goa,June,135,30,84,14,1950,37,13.8
Gujarat,July,150,34,77,18,2050,34,15
Haryana,August,125,31,81,12,1650,31,11.3
Himachal Pradesh,September,140,27,87,10,1850,39,13.5
Jharkhand,October,130,29,83,13,1750,33,12.2
Karnataka,November,95,28,76,14,1450,30,10.8
Kerala,December,105,30,80,16,1550,32,11.6
Madhya Pradesh,January,120,32,82,17,1700,35,12.8
Maharashtra,February,135,31,78,15,1750,37,14
Manipur,March,145,26,87,10,1950,40,14.7
Meghalaya,April,155,25,90,9,2050,43,15.2
Mizoram,May,140,28,85,11,1900,38,13.9
Nagaland,June,125,29,83,13,1750,35,12.7
Odisha,July,110,32,82,14,1650,31,11.7
Punjab,August,120,30,84,12,1750,33,12.5
Rajasthan,September,135,35,76,20,1850,32,14
Sikkim,October,150,26,89,10,1950,40,15.2
Tamil Nadu,November,130,29,82,13,1750,35,12.7
Telangana,December,115,28,84,15,1650,32,11.7
Tripura,January,145,25,87,11,1950,39,14.7
Uttar Pradesh,February,130,32,81,17,1700,35,13.2
Uttarakhand,March,155,26,89,10,2050,43,15.5
West Bengal,April,140,28,84,13,1900,38,14.2
Chandigarh,May,115,32,83,16,1650,32,12
Delhi,June,100,33,80,14,1450,29,10.7
Puducherry,July,110,29,82,15,1550,31,11.5
Ladakh,August,125,27,78,12,1650,33,12.4
Lakshadweep,September,135,28,82,14,1750,35,13.2
Andaman & Nicobar,October,145,26,87,11,1850,39,14.7
Dadra & Nagar Haveli,November,110,30,84,13,1550,31,11.5
Daman & Diu,December,120,31,82,15,1650,33,12.2
Jharkhand,January,100,29,80,14,1450,29,10.7
Maharashtra,February,115,32,83,16,1650,32,12.2
Rajasthan,March,130,34,79,19,1800,34,13.7
Sikkim,April,145,27,87,11,1950,39,14.7
Tamil Nadu,May,135,29,84,14,1800,35,13.9
Telangana,June,125,30,83,12,1750,33,13.2
Tripura,July,140,26,86,10,1900,38,14.2
Uttar Pradesh,August,150,32,82,15,2050,41,15
Uttarakhand,September,110,28,80,13,1550,31,11.5
West Bengal,October,120,31,82,14,1650,33,12.2
Chandigarh,November,130,33,81,17,1800,35,13.7
Delhi,December,145,29,85,12,1950,38,14.7
Andhra Pradesh,January,95,28,77,12,1600,34,10.8
Arunachal Pradesh,February,120,26,79,10,1900,36,12.5
Assam,March,105,29,81,14,1700,32,11.6
Bihar,April,115,32,78,13,1800,30,11.9
Chhattisgarh,May,125,33,77,16,1850,36,12.7
Goa,June,140,30,83,14,2000,38,14
Gujarat,July,155,34,76,18,2100,35,15.2
Haryana,August,130,31,80,12,1700,32,11.5
Himachal Pradesh,September,145,27,86,10,1900,40,13.7
Jharkhand,October,135,29,82,13,1800,34,12.4
Karnataka,November,100,28,75,14,1500,31,11
Kerala,December,110,30,79,16,1600,33,11.9
Madhya Pradesh,January,125,32,81,17,1750,36,13
Maharashtra,February,140,31,77,15,1800,38,14.2
Manipur,March,150,26,86,10,2000,41,14.9
Meghalaya,April,160,25,89,9,2100,44,15.4
Mizoram,May,145,28,84,11,1950,39,14.1
Nagaland,June,130,29,82,13,1800,36,12.9
Odisha,July,115,32,81,14,1700,32,11.9
Punjab,August,125,30,83,12,1800,34,12.7
Rajasthan,September,140,35,75,20,1900,33,14.2
Sikkim,October,155,26,88,10,2000,41,15.4
Tamil Nadu,November,135,29,81,13,1800,36,12.9
Telangana,December,120,28,83,15,1700,33,11.9
Tripura,January,150,25,86,11,2000,40,14.9
Uttar Pradesh,February,135,32,80,17,1750,36,13.4
Uttarakhand,March,160,26,88,10,2100,44,15.7
West Bengal,April,145,28,83,13,1950,39,14.4
Chandigarh,May,120,32,82,16,1700,33,12.2
Delhi,June,105,33,79,14,1500,30,10.9
Puducherry,July,115,29,81,15,1600,32,11.8
Ladakh,August,130,27,77,12,1700,34,12.7
Lakshadweep,September,140,28,81,14,1800,36,13.4
Andaman & Nicobar,October,150,26,86,11,1900,40,14.9
Dadra & Nagar Haveli,November,115,30,83,13,1600,32,11.8
Daman & Diu,December,125,31,81,15,1700,34,12.5
Jharkhand,January,105,29,79,14,1500,30,10.9
Maharashtra,February,120,32,82,16,1700,33,12.5
Rajasthan,March,135,34,78,19,1850,35,14
Sikkim,April,150,27,86,11,2000,39,14.9
Tamil Nadu,May,140,29,83,14,1850,36,14.1
Telangana,June,130,30,82,12,1800,34,13.4
Tripura,July,145,26,85,10,1950,39,14.4
Uttar Pradesh,August,155,32,81,15,2100,42,15.2
Uttarakhand,September,115,28,79,13,1600,32,11.8
West Bengal,October,125,31,81,14,1700,34,12.5
Chandigarh,November,135,33,80,17,1850,36,14
Delhi,December,150,29,84,12,2000,39,14.9
Andhra Pradesh,January,95,28,77,12,1600,34,10.8
Arunachal Pradesh,February,120,26,79,10,1900,36,12.5
Assam,March,105,29,81,14,1700,32,11.6
Bihar,April,115,32,78,13,1800,30,11.9
Chhattisgarh,May,125,33,77,16,1850,36,12.7
Goa,June,140,30,83,14,2000,38,14
Gujarat,July,155,34,76,18,2100,35,15.2
Haryana,August,130,31,80,12,1700,32,11.5
Himachal Pradesh,September,145,27,86,10,1900,40,13.7
Jharkhand,October,135,29,82,13,1800,34,12.4
Karnataka,November,100,28,75,14,1500,31,11
Kerala,December,110,30,79,16,1600,33,11.9
Madhya Pradesh,January,125,32,81,17,1750,36,13
Maharashtra,February,140,31,77,15,1800,38,14.2
Manipur,March,150,26,86,10,2000,41,14.9
Meghalaya,April,160,25,89,9,2100,44,15.4
Mizoram,May,145,28,84,11,1950,39,14.1
Nagaland,June,130,29,82,13,1800,36,12.9
Odisha,July,115,32,81,14,1700,32,11.9
Punjab,August,125,30,83,12,1800,34,12.7
Rajasthan,September,140,35,75,20,1900,33,14.2
Sikkim,October,155,26,88,10,2000,41,15.4
Tamil Nadu,November,135,29,81,13,1800,36,12.9
Telangana,December,120,28,83,15,1700,33,11.9
Tripura,January,150,25,86,11,2000,40,14.9
Uttar Pradesh,February,135,32,80,17,1750,36,13.4
Uttarakhand,March,160,26,88,10,2100,44,15.7
West Bengal,April,145,28,83,13,1950,39,14.4
Chandigarh,May,120,32,82,16,1700,33,12.2
Delhi,June,105,33,79,14,1500,30,10.9
Puducherry,July,115,29,81,15,1600,32,11.8
Ladakh,August,130,27,77,12,1700,34,12.7
Lakshadweep,September,140,28,81,14,1800,36,13.4
Andaman & Nicobar,October,150,26,86,11,1900,40,14.9
Dadra & Nagar Haveli,November,115,30,83,13,1600,32,11.8
Daman & Diu,December,125,31,81,15,1700,34,12.5
Jharkhand,January,105,29,79,14,1500,30,10.9
Maharashtra,February,120,32,82,16,1700,33,12.5
Rajasthan,March,135,34,78,19,1850,35,14
Sikkim,April,150,27,86,11,2000,39,14.9
Tamil Nadu,May,140,29,83,14,1850,36,14.1
Telangana,June,130,30,82,12,1800,34,13.4
Tripura,July,145,26,85,10,1950,39,14.4
Uttar Pradesh,August,155,32,81,15,2100,42,15.2
Uttarakhand,September,115,28,79,13,1600,32,11.8
West Bengal,October,125,31,81,14,1700,34,12.5
Chandigarh,November,135,33,80,17,1850,36,14
Delhi,December,150,29,84,12,2000,39,14.9
Andhra Pradesh,January,90,28,78,12,1550,33,10.5
Arunachal Pradesh,February,115,26,80,10,1850,36,12.3
Assam,March,100,29,82,14,1650,31,11.4
Bihar,April,110,32,79,13,1750,29,11.7
Chhattisgarh,May,120,33,78,16,1800,35,12.5
Goa,June,135,30,84,14,1950,37,13.8
Gujarat,July,150,34,75,18,2000,34,14.8
Haryana,August,125,31,79,12,1600,30,11
Himachal Pradesh,September,140,27,85,10,1800,38,13.2
Jharkhand,October,130,29,81,13,1700,32,12
Karnataka,November,95,28,74,14,1400,29,10.3
Kerala,December,105,30,78,16,1500,31,11.2
Madhya Pradesh,January,115,32,80,17,1650,34,12.5
Maharashtra,February,130,31,76,15,1700,36,13.8
Manipur,March,140,26,85,10,1900,39,14.5
Meghalaya,April,150,25,88,9,2000,42,15
Mizoram,May,135,28,83,11,1850,37,13.7
Nagaland,June,120,29,81,13,1700,34,12.5
Odisha,July,105,32,80,14,1600,30,11.5
Punjab,August,115,30,82,12,1700,32,12.3
Rajasthan,September,130,35,74,20,1800,31,13.8
Sikkim,October,145,26,87,10,1900,39,15
Tamil Nadu,November,125,29,80,13,1700,35,12.5
Telangana,December,110,28,82,15,1600,32,11.5
Tripura,January,140,25,85,11,1900,38,14.5
Uttar Pradesh,February,125,32,79,17,1650,34,13
Uttarakhand,March,150,26,87,10,2000,42,15.5
West Bengal,April,135,28,82,13,1850,37,14.2
Chandigarh,May,110,32,81,16,1600,31,12
Delhi,June,95,33,78,14,1400,28,10.5
Puducherry,July,105,29,80,15,1500,30,11.3
Ladakh,August,120,27,76,12,1600,32,12.2
Lakshadweep,September,130,28,80,14,1700,34,13
Andaman & Nicobar,October,140,26,85,11,1800,38,14.5
Dadra & Nagar Haveli,November,105,30,82,13,1500,30,11.3
Daman & Diu,December,115,31,80,15,1600,32,12
Jharkhand,January,95,29,78,14,1400,28,10.5
Maharashtra,February,110,32,81,16,1600,31,12
Rajasthan,March,125,34,77,19,1750,33,13.5
Sikkim,April,140,27,85,11,1900,38,14.5
Tamil Nadu,May,130,29,82,14,1750,34,13.7
Telangana,June,120,30,81,12,1700,32,13
Tripura,July,135,26,86,10,1850,37,14.2
Uttar Pradesh,August,145,32,80,15,2000,40,15
Uttarakhand,September,105,28,78,13,1500,30,11.5
West Bengal,October,115,31,80,14,1600,32,12.2
Chandigarh,November,125,33,79,17,1750,35,13.5
Delhi,December,140,29,83,12,1900,38,14.7
Andhra Pradesh,January,85,28,75,12,1500,32,10
Arunachal Pradesh,February,110,26,78,10,1800,35,12
Assam,March,95,29,80,14,1600,30,11.2
Bihar,April,105,32,77,13,1700,28,11.5
Chhattisgarh,May,115,33,76,16,1750,34,12.3
Goa,June,130,30,82,14,1900,36,13.5
Gujarat,July,145,34,75,18,2000,33,14.8
Haryana,August,120,31,79,12,1600,30,11
Himachal Pradesh,September,135,27,85,10,1800,38,13.2
Jharkhand,October,125,29,81,13,1700,32,12
Karnataka,November,90,28,74,14,1400,29,10.3
Kerala,December,100,30,78,16,1500,31,11.2
Madhya Pradesh,January,115,32,80,17,1650,34,12.5
Maharashtra,February,130,31,76,15,1700,36,13.8
Manipur,March,140,26,85,10,1900,39,14.5
Meghalaya,April,150,25,88,9,2000,42,15
Mizoram,May,135,28,83,11,1850,37,13.7
Nagaland,June,120,29,81,13,1700,34,12.5
Odisha,July,105,32,80,14,1600,30,11.5
Punjab,August,115,30,82,12,1700,32,12.3
Rajasthan,September,130,35,74,20,1800,31,13.8
Sikkim,October,145,26,87,10,1900,39,15
Tamil Nadu,November,125,29,80,13,1700,35,12.5
Telangana,December,110,28,82,15,1600,32,11.5
Tripura,January,140,25,85,11,1900,38,14.5
Uttar Pradesh,February,125,32,79,17,1650,34,13
Uttarakhand,March,150,26,87,10,2000,42,15.5
West Bengal,April,135,28,82,13,1850,37,14.2
Chandigarh,May,110,32,81,16,1600,31,12
Delhi,June,95,33,78,14,1400,28,10.5
Puducherry,July,105,29,80,15,1500,30,11.3
Ladakh,August,120,27,76,12,1600,32,12.2
Lakshadweep,September,130,28,80,14,1700,34,13
Andaman & Nicobar,October,140,26,85,11,1800,38,14.5
Dadra & Nagar Haveli,November,105,30,82,13,1500,30,11.3
Daman & Diu,December,115,31,80,15,1600,32,12
Jharkhand,January,95,29,78,14,1400,28,10.5
Maharashtra,February,110,32,81,16,1600,31,12
Rajasthan,March,125,34,77,19,1750,33,13.5
Sikkim,April,140,27,85,11,1900,38,14.5
Tamil Nadu,May,130,29,82,14,1750,34,13.7
Telangana,June,120,30,81,12,1700,32,13
Tripura,July,135,26,86,10,1850,37,14.2
Uttar Pradesh,August,145,32,80,15,2000,40,15
Uttarakhand,September,105,28,78,13,1500,30,11.5
West Bengal,October,115,31,80,14,1600,32,12.2
Chandigarh,November,125,33,79,17,1750,35,13.5
Delhi,December,140,29,83,12,1900,38,14.7
Andhra Pradesh,January,85,28,75,12,1500,32,10
Arunachal Pradesh,February,110,26,78,10,1800,35,12
Assam,March,95,29,80,14,1600,30,11.2
Bihar,April,105,32,77,13,1700,28,11.5
Chhattisgarh,May,115,33,76,16,1750,34,12.3
Goa,June,130,30,82,14,1900,36,13.5
Gujarat,July,145,34,75,18,2000,33,14.8
Haryana,August,120,31,79,12,1600,30,11
Himachal Pradesh,September,135,27,85,10,1800,38,13.2
Jharkhand,October,125,29,81,13,1700,32,12
Karnataka,November,90,28,74,14,1400,29,10.3
Kerala,December,100,30,78,16,1500,31,11.2
Madhya Pradesh,January,115,32,80,17,1650,34,12.5
Maharashtra,February,130,31,76,15,1700,36,13.8
Manipur,March,140,26,85,10,1900,39,14.5
Meghalaya,April,150,25,88,9,2000,42,15
Mizoram,May,135,28,83,11,1850,37,13.7
Nagaland,June,120,29,81,13,1700,34,12.5
Odisha,July,105,32,80,14,1600,30,11.5
Punjab,August,115,30,82,12,1700,32,12.3
Rajasthan,September,130,35,74,20,1800,31,13.8
Sikkim,October,145,26,87,10,1900,39,15
Tamil Nadu,November,125,29,80,13,1700,35,12.5
Telangana,December,110,28,82,15,1600,32,11.5
Tripura,January,140,25,85,11,1900,38,14.5
Uttar Pradesh,February,125,32,79,17,1650,34,13
Uttarakhand,March,150,26,87,10,2000,42,15.5
West Bengal,April,135,28,82,13,1850,37,14.2
Chandigarh,May,110,32,81,16,1600,31,12
Delhi,June,95,33,78,14,1400,28,10.5
Puducherry,July,105,29,80,15,1500,30,11.3
Ladakh,August,120,27,76,12,1600,32,12.2
Lakshadweep,September,130,28,80,14,1700,34,13
Andaman & Nicobar,October,140,26,85,11,1800,38,14.5
Dadra & Nagar Haveli,November,105,30,82,13,1500,30,11.3
Daman & Diu,December,115,31,80,15,1600,32,12
Jharkhand,January,95,29,78,14,1400,28,10.5
Maharashtra,February,110,32,81,16,1600,31,12
Rajasthan,March,125,34,77,19,1750,33,13.5
Sikkim,April,140,27,85,11,1900,38,14.5
Tamil Nadu,May,130,29,82,14,1750,34,13.7
Telangana,June,120,30,81,12,1700,32,13
Tripura,July,135,26,86,10,1850,37,14.2
Uttar Pradesh,August,145,32,80,15,2000,40,15
Uttarakhand,September,105,28,78,13,1500,30,11.5
West Bengal,October,115,31,80,14,1600,32,12.2
Chandigarh,November,125,33,79,17,1750,35,13.5
Delhi,December,140,29,83,12,1900,38,14.7
Andhra Pradesh,January,85,28,75,12,1500,32,10
Arunachal Pradesh,February,110,26,78,10,1800,35,12
Assam,March,95,29,80,14,1600,30,11.2
Bihar,April,105,32,77,13,1700,28,11.5
Chhattisgarh,May,115,33,76,16,1750,34,12.3
Goa,June,130,30,82,14,1900,36,13.5
Gujarat,July,145,34,75,18,2000,33,14.8
Haryana,August,120,31,79,12,1600,30,11
Himachal Pradesh,September,135,27,85,10,1800,38,13.2
Jharkhand,October,125,29,81,13,1700,32,12
Karnataka,November,90,28,74,14,1400,29,10.3
Kerala,December,100,30,78,16,1500,31,11.2
Madhya Pradesh,January,115,32,80,17,1650,34,12.5
Maharashtra,February,130,31,76,15,1700,36,13.8
Manipur,March,140,26,85,10,1900,39,14.5
Meghalaya,April,150,25,88,9,2000,42,15
Mizoram,May,135,28,83,11,1850,37,13.7
Nagaland,June,120,29,81,13,1700,34,12.5
Odisha,July,105,32,80,14,1600,30,11.5
Punjab,August,115,30,82,12,1700,32,12.3
Rajasthan,September,130,35,74,20,1800,31,13.8
Sikkim,October,145,26,87,10,1900,39,15
Tamil Nadu,November,125,29,80,13,1700,35,12.5
Telangana,December,110,28,82,15,1600,32,11.5
Tripura,January,140,25,85,11,1900,38,14.5
Uttar Pradesh,February,125,32,79,17,1650,34,13
Uttarakhand,March,150,26,87,10,2000,42,15.5
West Bengal,April,135,28,82,13,1850,37,14.2
Chandigarh,May,110,32,81,16,1600,31,12
Delhi,June,95,33,78,14,1400,28,10.5
Puducherry,July,105,29,80,15,1500,30,11.3
Ladakh,August,120,27,76,12,1600,32,12.2
Lakshadweep,September,130,28,80,14,1700,34,13
Andaman & Nicobar,October,140,26,85,11,1800,38,14.5
Dadra & Nagar Haveli,November,105,30,82,13,1500,30,11.3
Daman & Diu,December,115,31,80,15,1600,32,12
Jharkhand,January,95,29,78,14,1400,28,10.5
Maharashtra,February,110,32,81,16,1600,31,12
Rajasthan,March,125,34,77,19,1750,33,13.5
Sikkim,April,140,27,85,11,1900,38,14.5
Tamil Nadu,May,130,29,82,14,1750,34,13.7
Telangana,June,120,30,81,12,1700,32,13
Tripura,July,135,26,86,10,1850,37,14.2
Uttar Pradesh,August,145,32,80,15,2000,40,15
Uttarakhand,September,105,28,78,13,1500,30,11.5
West Bengal,October,115,31,80,14,1600,32,12.2
Chandigarh,November,125,33,79,17,1750,35,13.5
Delhi,December,140,29,83,12,1900,38,14.7
Andhra Pradesh,January,85,28,75,12,1500,32,10
Arunachal Pradesh,February,110,26,78,10,1800,35,12
Assam,March,95,29,80,14,1600,30,11.2
Bihar,April,105,32,77,13,1700,28,11.5
Chhattisgarh,May,115,33,76,16,1750,34,12.3
Goa,June,130,30,82,14,1900,36,13.5
Gujarat,July,145,34,75,18,2000,33,14.8
Haryana,August,120,31,79,12,1600,30,11
Himachal Pradesh,September,135,27,85,10,1800,38,13.2
Jharkhand,October,125,29,81,13,1700,32,12
Karnataka,November,90,28,74,14,1400,29,10.3
Kerala,December,100,30,78,16,1500,31,11.2
Madhya Pradesh,January,115,32,80,17,1650,34,12.5
Maharashtra,February,130,31,76,15,1700,36,13.8
Manipur,March,140,26,85,10,1900,39,14.5
Meghalaya,April,150,25,88,9,2000,42,15
Mizoram,May,135,28,83,11,1850,37,13.7
Nagaland,June,120,29,81,13,1700,34,12.5
Odisha,July,105,32,80,14,1600,30,11.5
Punjab,August,115,30,82,12,1700,32,12.3
Rajasthan,September,130,35,74,20,1800,31,13.8
Sikkim,October,145,26,87,10,1900,39,15
Tamil Nadu,November,125,29,80,13,1700,35,12.5
Telangana,December,110,28,82,15,1600,32,11.5
Tripura,January,140,25,85,11,1900,38,14.5
Uttar Pradesh,February,125,32,79,17,1650,34,13
Uttarakhand,March,150,26,87,10,2000,42,15.5
West Bengal,April,135,28,82,13,1850,37,14.2
Chandigarh,May,110,32,81,16,1600,31,12
Delhi,June,95,33,78,14,1400,28,10.5
Puducherry,July,105,29,80,15,1500,30,11.3
Ladakh,August,120,27,76,12,1600,32,12.2
Lakshadweep,September,130,28,80,14,1700,34,13
Andaman & Nicobar,October,140,26,85,11,1800,38,14.5
Dadra & Nagar Haveli,November,105,30,82,13,1500,30,11.3
Daman & Diu,December,115,31,80,15,1600,32,12
Jharkhand,January,95,29,78,14,1400,28,10.5
Maharashtra,February,110,32,81,16,1600,31,12
Rajasthan,March,125,34,77,19,1750,33,13.5
Sikkim,April,140,27,85,11,1900,38,14.5
Tamil Nadu,May,130,29,82,14,1750,34,13.7
Telangana,June,120,30,81,12,1700,32,13
Tripura,July,135,26,86,10,1850,37,14.2
Uttar Pradesh,August,145,32,80,15,2000,40,15
Uttarakhand,September,105,28,78,13,1500,30,11.5
West Bengal,October,115,31,80,14,1600,32,12.2
Chandigarh,November,125,33,79,17,1750,35,13.5
Delhi,December,140,29,83,12,1900,38,14.7
Andhra Pradesh,January,85,28,75,12,1500,32,10
Arunachal Pradesh,February,110,26,78,10,1800,35,12
Assam,March,95,29,80,14,1600,30,11.2
Bihar,April,105,32,77,13,1700,28,11.5
Chhattisgarh,May,115,33,76,16,1750,34,12.3
Goa,June,130,30,82,14,1900,36,13.5
Gujarat,July,145,34,75,18,2000,33,14.8
Haryana,August,120,31,79,12,1600,30,11
Himachal Pradesh,September,135,27,85,10,1800,38,13.2
Jharkhand,October,125,29,81,13,1700,32,12
Karnataka,November,90,28,74,14,1400,29,10.3
Kerala,December,100,30,78,16,1500,31,11.2
Madhya Pradesh,January,115,32,80,17,1650,34,12.5
Maharashtra,February,130,31,76,15,1700,36,13.8
Manipur,March,140,26,85,10,1900,39,14.5
Meghalaya,April,150,25,88,9,2000,42,15
Mizoram,May,135,28,83,11,1850,37,13.7
Nagaland,June,120,29,81,13,1700,34,12.5
Odisha,July,105,32,80,14,1600,30,11.5
Punjab,August,115,30,82,12,1700,32,12.3
Rajasthan,September,130,35,74,20,1800,31,13.8
Sikkim,October,145,26,87,10,1900,39,15
Tamil Nadu,November,125,29,80,13,1700,35,12.5
Telangana,December,110,28,82,15,1600,32,11.5
Tripura,January,140,25,85,11,1900,38,14.5
Uttar Pradesh,February,125,32,79,17,1650,34,13
Uttarakhand,March,150,26,87,10,2000,42,15.5
West Bengal,April,135,28,82,13,1850,37,14.2
Chandigarh,May,110,32,81,16,1600,31,12
Delhi,June,95,33,78,14,1400,28,10.5
Puducherry,July,105,29,80,15,1500,30,11.3
Ladakh,August,120,27,76,12,1600,32,12.2
Lakshadweep,September,130,28,80,14,1700,34,13
Andaman & Nicobar,October,140,26,85,11,1800,38,14.5
Dadra & Nagar Haveli,November,105,30,82,13,1500,30,11.3
Daman & Diu,December,115,31,80,15,1600,32,12
Jharkhand,January,95,29,78,14,1400,28,10.5
Maharashtra,February,110,32,81,16,1600,31,12
Rajasthan,March,125,34,77,19,1750,33,13.5
Sikkim,April,140,27,85,11,1900,38,14.5
Tamil Nadu,May,130,29,82,14,1750,34,13.7
Telangana,June,120,30,81,12,1700,32,13
Tripura,July,135,26,86,10,1850,37,14.2
Uttar Pradesh,August,145,32,80,15,2000,40,15
Uttarakhand,September,105,28,78,13,1500,30,11.5
West Bengal,October,115,31,80,14,1600,32,12.2
Chandigarh,November,125,33,79,17,1750,35,13.5
Delhi,December,140,29,83,12,1900,38,14.7
Andhra Pradesh,January,85,28,75,12,1500,32,10
Arunachal Pradesh,February,110,26,78,10,1800,35,12
Assam,March,95,29,80,14,1600,30,11.2
Bihar,April,105,32,77,13,1700,28,11.5
Chhattisgarh,May,115,33,76,16,1750,34,12.3
Goa,June,130,30,82,14,1900,36,13.5
Gujarat,July,145,34,75,18,2000,33,14.8
Haryana,August,120,31,79,12,1600,30,11
Himachal Pradesh,September,135,27,85,10,1800,38,13.2
Jharkhand,October,125,29,81,13,1700,32,12
Karnataka,November,90,28,74,14,1400,29,10.3
Kerala,December,100,30,78,16,1500,31,11.2
Madhya Pradesh,January,115,32,80,17,1650,34,12.5
Maharashtra,February,130,31,76,15,1700,36,13.8
Manipur,March,140,26,85,10,1900,39,14.5
Meghalaya,April,150,25,88,9,2000,42,15
Mizoram,May,135,28,83,11,1850,37,13.7
Nagaland,June,120,29,81,13,1700,34,12.5
Odisha,July,105,32,80,14,1600,30,11.5
Punjab,August,115,30,82,12,1700,32,12.3
Rajasthan,September,130,35,74,20,1800,31,13.8
Sikkim,October,145,26,87,10,1900,39,15
Tamil Nadu,November,125,29,80,13,1700,35,12.5
Telangana,December,110,28,82,15,1600,32,11.5
Tripura,January,140,25,85,11,1900,38,14.5
Uttar Pradesh,February,125,32,79,17,1650,34,13
Uttarakhand,March,150,26,87,10,2000,42,15.5
West Bengal,April,135,28,82,13,1850,37,14.2
Chandigarh,May,110,32,81,16,1600,31,12
Delhi,June,95,33,78,14,1400,28,10.5
Puducherry,July,105,29,80,15,1500,30,11.3
Ladakh,August,120,27,76,12,1600,32,12.2
Lakshadweep,September,130,28,80,14,1700,34,13
Andaman & Nicobar,October,140,26,85,11,1800,38,14.5
Dadra & Nagar Haveli,November,105,30,82,13,1500,30,11.3
Daman & Diu,December,115,31,80,15,1600,32,12
Jharkhand,January,95,29,78,14,1400,28,10.5
Maharashtra,February,110,32,81,16,1600,31,12
Rajasthan,March,125,34,77,19,1750,33,13.5
Sikkim,April,140,27,85,11,1900,38,14.5
Tamil Nadu,May,130,29,82,14,1750,34,13.7
Telangana,June,120,30,81,12,1700,32,13
Tripura,July,135,26,86,10,1850,37,14.2
Uttar Pradesh,August,145,32,80,15,2000,40,15
Uttarakhand,September,105,28,78,13,1500,30,11.5
West Bengal,October,115,31,80,14,1600,32,12.2
Chandigarh,November,125,33,79,17,1750,35,13.5
Delhi,December,140,29,83,12,1900,38,14.7
Andhra Pradesh,January,85,28,75,12,1500,32,10
Arunachal Pradesh,February,110,26,78,10,1800,35,12
Assam,March,95,29,80,14,1600,30,11.2
Bihar,April,105,32,77,13,1700,28,11.5
Chhattisgarh,May,115,33,76,16,1750,34,12.3
Goa,June,130,30,82,14,1900,36,13.5
Gujarat,July,145,34,75,18,2000,33,14.8
Haryana,August,120,31,79,12,1600,30,11
Himachal Pradesh,September,135,27,85,10,1800,38,13.2
Jharkhand,October,125,29,81,13,1700,32,12
Karnataka,November,90,28,74,14,1400,29,10.3
Kerala,December,100,30,78,16,1500,31,11.2
Madhya Pradesh,January,115,32,80,17,1650,34,12.5
Maharashtra,February,130,31,76,15,1700,36,13.8
Manipur,March,140,26,85,10,1900,39,14.5
Meghalaya,April,150,25,88,9,2000,42,15
Mizoram,May,135,28,83,11,1850,37,13.7
Nagaland,June,120,29,81,13,1700,34,12.5
Odisha,July,105,32,80,14,1600,30,11.5
Punjab,August,115,30,82,12,1700,32,12.3
Rajasthan,September,130,35,74,20,1800,31,13.8
Sikkim,October,145,26,87,10,1900,39,15
Tamil Nadu,November,125,29,80,13,1700,35,12.5
Telangana,December,110,28,82,15,1600,32,11.5
Tripura,January,140,25,85,11,1900,38,14.5
Uttar Pradesh,February,125,32,79,17,1650,34,13
Uttarakhand,March,150,26,87,10,2000,42,15.5
West Bengal,April,135,28,82,13,1850,37,14.2
Chandigarh,May,110,32,81,16,1600,31,12
Delhi,June,95,33,78,14,1400,28,10.5
Puducherry,July,105,29,80,15,1500,30,11.3
Ladakh,August,120,27,76,12,1600,32,12.2
Lakshadweep,September,130,28,80,14,1700,34,13
Andaman & Nicobar,October,140,26,85,11,1800,38,14.5
Dadra & Nagar Haveli,November,105,30,82,13,1500,30,11.3
Daman & Diu,December,115,31,80,15,1600,32,12
Jharkhand,January,95,29,78,14,1400,28,10.5
Maharashtra,February,110,32,81,16,1600,31,12
Rajasthan,March,125,34,77,19,1750,33,13.5
Sikkim,April,140,27,85,11,1900,38,14.5
Tamil Nadu,May,130,29,82,14,1750,34,13.7
Telangana,June,120,30,81,12,1700,32,13
Tripura,July,135,26,86,10,1850,37,14.2
Uttar Pradesh,August,145,32,80,15,2000,40,15
Uttarakhand,September,105,28,78,13,1500,30,11.5
West Bengal,October,115,31,80,14,1600,32,12.2
Chandigarh,November,125,33,79,17,1750,35,13.5
Delhi,December,140,29,83,12,1900,38,14.7
Andhra Pradesh,January,85,28,75,12,1500,32,10
Arunachal Pradesh,February,110,26,78,10,1800,35,12
Assam,March,95,29,80,14,1600,30,11.2
Bihar,April,105,32,77,13,1700,28,11.5
Chhattisgarh,May,115,33,76,16,1750,34,12.3
Goa,June,130,30,82,14,1900,36,13.5
Gujarat,July,145,34,75,18,2000,33,14.8
Haryana,August,120,31,79,12,1600,30,11
Himachal Pradesh,September,135,27,85,10,1800,38,13.2
Jharkhand,October,125,29,81,13,1700,32,12
Karnataka,November,90,28,74,14,1400,29,10.3
Kerala,December,100,30,78,16,1500,31,11.2
Madhya Pradesh,January,115,32,80,17,1650,34,12.5
Maharashtra,February,130,31,76,15,1700,36,13.8
Manipur,March,140,26,85,10,1900,39,14.5
Meghalaya,April,150,25,88,9,2000,42,15
Mizoram,May,135,28,83,11,1850,37,13.7
Nagaland,June,120,29,81,13,1700,34,12.5
Odisha,July,105,32,80,14,1600,30,11.5
Punjab,August,115,30,82,12,1700,32,12.3
Rajasthan,September,130,35,74,20,1800,31,13.8
Sikkim,October,145,26,87,10,1900,39,15
Tamil Nadu,November,125,29,80,13,1700,35,12.5
Telangana,December,110,28,82,15,1600,32,11.5
Tripura,January,140,25,85,11,1900,38,14.5
Uttar Pradesh,February,125,32,79,17,1650,34,13
Uttarakhand,March,150,26,87,10,2000,42,15.5
West Bengal,April,135,28,82,13,1850,37,14.2
Chandigarh,May,110,32,81,16,1600,31,12
Delhi,June,95,33,78,14,1400,28,10.5
Puducherry,July,105,29,80,15,1500,30,11.3
Ladakh,August,120,27,76,12,1600,32,12.2
Lakshadweep,September,130,28,80,14,1700,34,13
Andaman & Nicobar,October,140,26,85,11,1800,38,14.5
Dadra & Nagar Haveli,November,105,30,82,13,1500,30,11.3
Daman & Diu,December,115,31,80,15,1600,32,12
Jharkhand,January,95,29,78,14,1400,28,10.5
Maharashtra,February,110,32,81,16,1600,31,12
Rajasthan,March,125,34,77,19,1750,33,13.5
Sikkim,April,140,27,85,11,1900,38,14.5
Tamil Nadu,May,130,29,82,14,1750,34,13.7
Telangana,June,120,30,81,12,1700,32,13
Tripura,July,135,26,86,10,1850,37,14.2
Uttar Pradesh,August,145,32,80,15,2000,40,15
Uttarakhand,September,105,28,78,13,1500,30,11.5
West Bengal,October,115,31,80,14,1600,32,12.2
Chandigarh,November,125,33,79,17,1750,35,13.5
Delhi,December,140,29,83,12,1900,38,14.7
Andhra Pradesh,January,85,28,75,12,1500,32,10
Arunachal Pradesh,February,110,26,78,10,1800,35,12
Assam,March,95,29,80,14,1600,30,11.2
Bihar,April,105,32,77,13,1700,28,11.5
Chhattisgarh,May,115,33,76,16,1750,34,12.3
Goa,June,130,30,82,14,1900,36,13.5
Gujarat,July,145,34,75,18,2000,33,14.8
Haryana,August,120,31,79,12,1600,30,11
Himachal Pradesh,September,135,27,85,10,1800,38,13.2
Jharkhand,October,125,29,81,13,1700,32,12
Karnataka,November,90,28,74,14,1400,29,10.3
Kerala,December,100,30,78,16,1500,31,11.2
Madhya Pradesh,January,115,32,80,17,1650,34,12.5
Maharashtra,February,130,31,76,15,1700,36,13.8
Manipur,March,140,26,85,10,1900,39,14.5
Meghalaya,April,150,25,88,9,2000,42,15
Mizoram,May,135,28,83,11,1850,37,13.7
Nagaland,June,120,29,81,13,1700,34,12.5
Odisha,July,105,32,80,14,1600,30,11.5
Punjab,August,115,30,82,12,1700,32,12.3
Rajasthan,September,130,35,74,20,1800,31,13.8
Sikkim,October,145,26,87,10,1900,39,15
Tamil Nadu,November,125,29,80,13,1700,35,12.5
Telangana,December,110,28,82,15,1600,32,11.5
Tripura,January,140,25,85,11,1900,38,14.5
Uttar Pradesh,February,125,32,79,17,1650,34,13
Uttarakhand,March,150,26,87,10,2000,42,15.5
West Bengal,April,135,28,82,13,1850,37,14.2
Chandigarh,May,110,32,81,16,1600,31,12
Delhi,June,95,33,78,14,1400,28,10.5
Puducherry,July,105,29,80,15,1500,30,11.3
Ladakh,August,120,27,76,12,1600,32,12.2
Lakshadweep,September,130,28,80,14,1700,34,13
Andaman & Nicobar,October,140,26,85,11,1800,38,14.5
Dadra & Nagar Haveli,November,105,30,82,13,1500,30,11.3
Daman & Diu,December,115,31,80,15,1600,32,12
Jharkhand,January,95,29,78,14,1400,28,10.5
Maharashtra,February,110,32,81,16,1600,31,12
Rajasthan,March,125,34,77,19,1750,33,13.5
Sikkim,April,140,27,85,11,1900,38,14.5
Tamil Nadu,May,130,29,82,14,1750,34,13.7
Telangana,June,120,30,81,12,1700,32,13
Tripura,July,135,26,86,10,1850,37,14.2
Uttar Pradesh,August,145,32,80,15,2000,40,15
Uttarakhand,September,105,28,78,13,1500,30,11.5
West Bengal,October,115,31,80,14,1600,32,12.2
Chandigarh,November,125,33,79,17,1750,35,13.5
Delhi,December,140,29,83,12,1900,38,14.7
Andhra Pradesh,January,85,28,75,12,1500,32,10
Arunachal Pradesh,February,110,26,78,10,1800,35,12
Assam,March,95,29,80,14,1600,30,11.2
Bihar,April,105,32,77,13,1700,28,11.5
Chhattisgarh,May,115,33,76,16,1750,34,12.3
Goa,June,130,30,82,14,1900,36,13.5
Gujarat,July,145,34,75,18,2000,33,14.8
Haryana,August,120,31,79,12,1600,30,11
Himachal Pradesh,September,135,27,85,10,1800,38,13.2
Jharkhand,October,125,29,81,13,1700,32,12
Karnataka,November,90,28,74,14,1400,29,10.3
Kerala,December,100,30,78,16,1500,31,11.2
Madhya Pradesh,January,115,32,80,17,1650,34,12.5
Maharashtra,February,130,31,76,15,1700,36,13.8
Manipur,March,140,26,85,10,1900,39,14.5
Meghalaya,April,150,25,88,9,2000,42,15
Mizoram,May,135,28,83,11,1850,37,13.7
Nagaland,June,120,29,81,13,1700,34,12.5
Odisha,July,105,32,80,14,1600,30,11.5
Punjab,August,115,30,82,12,1700,32,12.3
Rajasthan,September,130,35,74,20,1800,31,13.8
Sikkim,October,145,26,87,10,1900,39,15
Tamil Nadu,November,125,29,80,13,1700,35,12.5
Telangana,December,110,28,82,15,1600,32,11.5
Tripura,January,140,25,85,11,1900,38,14.5
Uttar Pradesh,February,125,32,79,17,1650,34,13
Uttarakhand,March,150,26,87,10,2000,42,15.5
West Bengal,April,135,28,82,13,1850,37,14.2
Chandigarh,May,110,32,81,16,1600,31,12
Delhi,June,95,33,78,14,1400,28,10.5
Puducherry,July,105,29,80,15,1500,30,11.3
Ladakh,August,120,27,76,12,1600,32,12.2
Lakshadweep,September,130,28,80,14,1700,34,13
Andaman & Nicobar,October,140,26,85,11,1800,38,14.5
Dadra & Nagar Haveli,November,105,30,82,13,1500,30,11.3
Daman & Diu,December,115,31,80,15,1600,32,12
Jharkhand,January,95,29,78,14,1400,28,10.5
Maharashtra,February,110,32,81,16,1600,31,12
Rajasthan,March,125,34,77,19,1750,33,13.5
Sikkim,April,140,27,85,11,1900,38,14.5
Tamil Nadu,May,130,29,82,14,1750,34,13.7
Telangana,June,120,30,81,12,1700,32,13
Tripura,July,135,26,86,10,1850,37,14.2
Uttar Pradesh,August,145,32,80,15,2000,40,15
Uttarakhand,September,105,28,78,13,1500,30,11.5
West Bengal,October,115,31,80,14,1600,32,12.2
Chandigarh,November,125,33,79,17,1750,35,13.5
Delhi,December,140,29,83,12,1900,38,14.7
Andhra Pradesh,January,85,28,75,12,1500,32,10
Arunachal Pradesh,February,110,26,78,10,1800,35,12
Assam,March,95,29,80,14,1600,30,11.2
Bihar,April,105,32,77,13,1700,28,11.5
Chhattisgarh,May,115,33,76,16,1750,34,12.3
Goa,June,130,30,82,14,1900,36,13.5
Gujarat,July,145,34,75,18,2000,33,14.8
Haryana,August,120,31,79,12,1600,30,11
Himachal Pradesh,September,135,27,85,10,1800,38,13.2
Jharkhand,October,125,29,81,13,1700,32,12
Karnataka,November,90,28,74,14,1400,29,10.3
Kerala,December,100,30,78,16,1500,31,11.2
Madhya Pradesh,January,115,32,80,17,1650,34,12.5
Maharashtra,February,130,31,76,15,1700,36,13.8
Manipur,March,140,26,85,10,1900,39,14.5
Meghalaya,April,150,25,88,9,2000,42,15
Mizoram,May,135,28,83,11,1850,37,13.7
Nagaland,June,120,29,81,13,1700,34,12.5
Odisha,July,105,32,80,14,1600,30,11.5
Punjab,August,115,30,82,12,1700,32,12.3
Rajasthan,September,130,35,74,20,1800,31,13.8
Sikkim,October,145,26,87,10,1900,39,15
Tamil Nadu,November,125,29,80,13,1700,35,12.5
Telangana,December,110,28,82,15,1600,32,11.5
Tripura,January,140,25,85,11,1900,38,14.5
Uttar Pradesh,February,125,32,79,17,1650,34,13
Uttarakhand,March,150,26,87,10,2000,42,15.5
West Bengal,April,135,28,82,13,1850,37,14.2
Chandigarh,May,110,32,81,16,1600,31,12
Delhi,June,95,33,78,14,1400,28,10.5
Puducherry,July,105,29,80,15,1500,30,11.3
Ladakh,August,120,27,76,12,1600,32,12.2
Lakshadweep,September,130,28,80,14,1700,34,13
Andaman & Nicobar,October,140,26,85,11,1800,38,14.5
Dadra & Nagar Haveli,November,105,30,82,13,1500,30,11.3
Daman & Diu,December,115,31,80,15,1600,32,12
Jharkhand,January,95,29,78,14,1400,28,10.5
Maharashtra,February,110,32,81,16,1600,31,12
Rajasthan,March,125,34,77,19,1750,33,13.5
Sikkim,April,140,27,85,11,1900,38,14.5
Tamil Nadu,May,130,29,82,14,1750,34,13.7
Telangana,June,120,30,81,12,1700,32,13
Tripura,July,135,26,86,10,1850,37,14.2
Uttar Pradesh,August,145,32,80,15,2000,40,15
Uttarakhand,September,105,28,78,13,1500,30,11.5
West Bengal,October,115,31,80,14,1600,32,12.2
Chandigarh,November,125,33,79,17,1750,35,13.5
Delhi,December,140,29,83,12,1900,38,14.7
Andhra Pradesh,January,85,28,75,12,1500,32,10
Arunachal Pradesh,February,110,26,78,10,1800,35,12
Assam,March,95,29,80,14,1600,30,11.2
Bihar,April,105,32,77,13,1700,28,11.5
Chhattisgarh,May,115,33,76,16,1750,34,12.3
Goa,June,130,30,82,14,1900,36,13.5
Gujarat,July,145,34,75,18,2000,33,14.8
Haryana,August,120,31,79,12,1600,30,11
Himachal Pradesh,September,135,27,85,10,1800,38,13.2
Jharkhand,October,125,29,81,13,1700,32,12
Karnataka,November,90,28,74,14,1400,29,10.3
Kerala,December,100,30,78,16,1500,31,11.2
Madhya Pradesh,January,115,32,80,17,1650,34,12.5
Maharashtra,February,130,31,76,15,1700,36,13.8
Manipur,March,140,26,85,10,1900,39,14.5
Meghalaya,April,150,25,88,9,2000,42,15
Mizoram,May,135,28,83,11,1850,37,13.7
Nagaland,June,120,29,81,13,1700,34,12.5
Odisha,July,105,32,80,14,1600,30,11.5
Punjab,August,115,30,82,12,1700,32,12.3
Rajasthan,September,130,35,74,20,1800,31,13.8
Sikkim,October,145,26,87,10,1900,39,15
Tamil Nadu,November,125,29,80,13,1700,35,12.5
Telangana,December,110,28,82,15,1600,32,11.5
Tripura,January,140,25,85,11,1900,38,14.5
Uttar Pradesh,February,125,32,79,17,1650,34,13
Uttarakhand,March,150,26,87,10,2000,42,15.5
West Bengal,April,135,28,82,13,1850,37,14.2
Chandigarh,May,110,32,81,16,1600,31,12
Delhi,June,95,33,78,14,1400,28,10.5
Puducherry,July,105,29,80,15,1500,30,11.3
Ladakh,August,120,27,76,12,1600,32,12.2
Lakshadweep,September,130,28,80,14,1700,34,13
Andaman & Nicobar,October,140,26,85,11,1800,38,14.5
Dadra & Nagar Haveli,November,105,30,82,13,1500,30,11.3
Daman & Diu,December,115,31,80,15,1600,32,12
Jharkhand,January,95,29,78,14,1400,28,10.5
Maharashtra,February,110,32,81,16,1600,31,12
Rajasthan,March,125,34,77,19,1750,33,13.5
Sikkim,April,140,27,85,11,1900,38,14.5
Tamil Nadu,May,130,29,82,14,1750,34,13.7
Telangana,June,120,30,81,12,1700,32,13
Tripura,July,135,26,86,10,1850,37,14.2
Uttar Pradesh,August,145,32,80,15,2000,40,15
Uttarakhand,September,105,28,78,13,1500,30,11.5
West Bengal,October,115,31,80,14,1600,32,12.2
Chandigarh,November,125,33,79,17,1750,35,13.5
Delhi,December,140,29,83,12,1900,38,14.7
